{"loss": [1.3073623180389404, 0.446737676858902, 0.27192002534866333, 0.1883855015039444, 0.13679002225399017, 0.10765042155981064, 0.08675358444452286, 0.07323166728019714, 0.061982546001672745, 0.05932994559407234, 0.05176040157675743, 0.048876598477363586, 0.041352201253175735, 0.03841875493526459, 0.037899650633335114], "accuracy": [0.610470175743103, 0.8583398461341858, 0.9123977422714233, 0.9379045367240906, 0.9547478556632996, 0.9648339152336121, 0.9711785912513733, 0.9762998819351196, 0.9804253578186035, 0.9809944033622742, 0.9832136034965515, 0.9847926497459412, 0.9866989254951477, 0.9878227710723877, 0.9884202480316162], "val_loss": [0.5572589635848999, 0.30755993723869324, 0.20875030755996704, 0.1651879996061325, 0.16701607406139374, 0.1740267425775528, 0.14821837842464447, 0.15328818559646606, 0.15367984771728516, 0.1468687355518341, 0.13700060546398163, 0.11607956886291504, 0.10971315950155258, 0.11585712432861328, 0.13077521324157715], "val_accuracy": [0.8218756914138794, 0.9020600914955139, 0.9311973452568054, 0.946790337562561, 0.9449692964553833, 0.9465057849884033, 0.9537332057952881, 0.9525381326675415, 0.9541884660720825, 0.9576029777526855, 0.9566355347633362, 0.9665945768356323, 0.9704074859619141, 0.9683587551116943, 0.9647166132926941]}